fao_id,taxon_name,year,b_bmsy
21,Anarhichas lupus,1955,1.355005567
21,Anarhichas lupus,1956,1.341837249
21,Anarhichas lupus,1957,1.323077289
21,Anarhichas lupus,1958,1.273219599
21,Anarhichas lupus,1959,1.234636877
21,Anarhichas lupus,1960,1.189035242
21,Anarhichas lupus,1961,1.101322231
21,Anarhichas lupus,1962,0.996516137
21,Anarhichas lupus,1963,0.912208901
21,Anarhichas lupus,1964,0.818987136
21,Anarhichas lupus,1965,0.729727148
21,Anarhichas lupus,1966,0.668187352
21,Anarhichas lupus,1969,0.637099269
21,Anarhichas lupus,1981,0.628500999
21,Anarhichas lupus,1983,0.636880939
21,Anarhichas lupus,1984,0.616159365
21,Anarhichas lupus,1986,0.613740536
21,Anarhichas lupus,1988,0.61158952
21,Anarhichas lupus,1992,0.57442065
21,Anarhichas lupus,1993,0.506342699
21,Anarhichas lupus,1994,0.462705692
21,Anarhichas lupus,1995,0.411521552
21,Anarhichas lupus,1996,0.348594348
21,Anarhichas lupus,1997,0.305429913
21,Anarhichas lupus,1998,0.283370405
21,Anarhichas lupus,1999,0.273161408
21,Anarhichas lupus,2000,0.271363185
21,Anarhichas lupus,2001,0.2751845
21,Anarhichas lupus,2005,0.284724764
21,Anarhichas lupus,2006,0.297273787
21,Anarhichas lupus,2008,0.315401221
21,Anarhichas lupus,2009,0.335599389
21,Anarhichas lupus,2015,0.06
21,Brosme brosme,1954,0.898520909
21,Brosme brosme,1955,0.909043905
21,Brosme brosme,1956,0.920854635
21,Brosme brosme,1957,0.933568479
21,Brosme brosme,1958,0.950330637
21,Brosme brosme,1959,0.965906035
21,Brosme brosme,1960,0.978307171
21,Brosme brosme,1961,0.986268067
21,Brosme brosme,1962,0.991024124
21,Brosme brosme,1963,0.991097216
21,Brosme brosme,1964,0.986081222
21,Brosme brosme,1965,0.977010033
21,Brosme brosme,1966,0.963101214
21,Brosme brosme,1967,0.943597129
21,Brosme brosme,1968,0.920734805
21,Brosme brosme,1969,0.900587707
21,Brosme brosme,1970,0.882070912
21,Brosme brosme,1971,0.864763658
21,Brosme brosme,1972,0.847675272
21,Brosme brosme,1973,0.82584091
21,Brosme brosme,1974,0.798746836
21,Brosme brosme,1975,0.767206321
21,Brosme brosme,1976,0.738358585
21,Brosme brosme,1977,0.713425107
21,Brosme brosme,1978,0.68899204
21,Brosme brosme,1979,0.664879688
21,Brosme brosme,1980,0.642119484
21,Brosme brosme,1981,0.613302892
21,Brosme brosme,1982,0.577487033
21,Brosme brosme,1983,0.542178781
21,Brosme brosme,1984,0.509162292
21,Brosme brosme,1985,0.478169231
21,Brosme brosme,1986,0.453424855
21,Brosme brosme,1987,0.432879791
21,Brosme brosme,1988,0.415522405
21,Brosme brosme,1989,0.398566164
21,Brosme brosme,1990,0.380997775
21,Brosme brosme,1991,0.359196958
21,Brosme brosme,1992,0.33425279
21,Brosme brosme,1993,0.307651905
21,Brosme brosme,1994,0.282511629
21,Brosme brosme,1995,0.259589381
21,Brosme brosme,1996,0.242522866
21,Brosme brosme,1997,0.232278522
21,Brosme brosme,1998,0.22570131
21,Brosme brosme,1999,0.221416177
21,Brosme brosme,2000,0.219607972
21,Brosme brosme,2001,0.218144681
21,Brosme brosme,2002,0.21813839
21,Brosme brosme,2003,0.219755434
21,Brosme brosme,2004,0.222169682
21,Brosme brosme,2005,0.225423858
21,Brosme brosme,2006,0.230382527
21,Brosme brosme,2007,0.236498507
21,Brosme brosme,2008,0.244040062
21,Brosme brosme,2009,0.252928707
21,Brosme brosme,2010,0.263465016
21,Brosme brosme,2011,0.275690255
21,Brosme brosme,2015,0.55
21,Clupea harengus,1954,0.889574967
21,Clupea harengus,1955,0.899532083
21,Clupea harengus,1956,0.911499451
21,Clupea harengus,1957,0.923512929
21,Clupea harengus,1958,0.938246496
21,Clupea harengus,1959,0.952829656
21,Clupea harengus,1960,0.966946046
21,Clupea harengus,1961,0.980115475
21,Clupea harengus,1962,0.988924597
21,Clupea harengus,1963,0.993256998
21,Clupea harengus,1964,0.994390889
21,Clupea harengus,1965,0.9936269
21,Clupea harengus,1966,0.987139985
21,Clupea harengus,1967,0.974945484
21,Clupea harengus,1968,0.947341909
21,Clupea harengus,1969,0.904300627
21,Clupea harengus,1970,0.847493779
21,Clupea harengus,1971,0.782970848
21,Clupea harengus,1972,0.718868689
21,Clupea harengus,1973,0.664766125
21,Clupea harengus,1974,0.622133613
21,Clupea harengus,1975,0.587915364
21,Clupea harengus,1976,0.562668822
21,Clupea harengus,1977,0.542896008
21,Clupea harengus,1978,0.52692516
21,Clupea harengus,1979,0.514663496
21,Clupea harengus,1980,0.506409963
21,Clupea harengus,1981,0.500162205
21,Clupea harengus,1982,0.496147405
21,Clupea harengus,1983,0.495119541
21,Clupea harengus,1984,0.496238104
21,Clupea harengus,1985,0.49845722
21,Clupea harengus,1986,0.501136184
21,Clupea harengus,1987,0.501529275
21,Clupea harengus,1988,0.498425675
21,Clupea harengus,1989,0.492786567
21,Clupea harengus,1990,0.485332659
21,Clupea harengus,1991,0.476500308
21,Clupea harengus,1992,0.467762904
21,Clupea harengus,1993,0.460398455
21,Clupea harengus,1994,0.453302769
21,Clupea harengus,1995,0.446737014
21,Clupea harengus,1996,0.439786483
21,Clupea harengus,1997,0.432401824
21,Clupea harengus,1998,0.424352887
21,Clupea harengus,1999,0.415369781
21,Clupea harengus,2000,0.405753738
21,Clupea harengus,2001,0.395307645
21,Clupea harengus,2002,0.385048678
21,Clupea harengus,2003,0.37393583
21,Clupea harengus,2004,0.362770835
21,Clupea harengus,2005,0.351863805
21,Clupea harengus,2006,0.341650585
21,Clupea harengus,2007,0.331611465
21,Clupea harengus,2008,0.32312341
21,Clupea harengus,2009,0.314972549
21,Clupea harengus,2010,0.30801204
21,Clupea harengus,2011,0.303407286
21,Clupea harengus,2015,0.22
21,Gadus morhua,1954,0.931834339
21,Gadus morhua,1955,0.927888013
21,Gadus morhua,1956,0.922422619
21,Gadus morhua,1957,0.914130878
21,Gadus morhua,1958,0.902748079
21,Gadus morhua,1959,0.889636169
21,Gadus morhua,1960,0.874767833
21,Gadus morhua,1961,0.855936247
21,Gadus morhua,1962,0.833478715
21,Gadus morhua,1963,0.808776216
21,Gadus morhua,1964,0.779677891
21,Gadus morhua,1965,0.747251946
21,Gadus morhua,1966,0.712792106
21,Gadus morhua,1967,0.674584608
21,Gadus morhua,1968,0.630929726
21,Gadus morhua,1969,0.585391285
21,Gadus morhua,1970,0.541423803
21,Gadus morhua,1971,0.500094554
21,Gadus morhua,1972,0.463458257
21,Gadus morhua,1973,0.435504987
21,Gadus morhua,1974,0.413068655
21,Gadus morhua,1975,0.394658967
21,Gadus morhua,1976,0.380482881
21,Gadus morhua,1977,0.371092679
21,Gadus morhua,1978,0.364460446
21,Gadus morhua,1979,0.359662438
21,Gadus morhua,1980,0.355142208
21,Gadus morhua,1981,0.349619508
21,Gadus morhua,1982,0.341659485
21,Gadus morhua,1983,0.331417888
21,Gadus morhua,1984,0.320137204
21,Gadus morhua,1985,0.308009173
21,Gadus morhua,1986,0.295019578
21,Gadus morhua,1987,0.282511802
21,Gadus morhua,1988,0.270061924
21,Gadus morhua,1989,0.257118026
21,Gadus morhua,1990,0.24441579
21,Gadus morhua,1991,0.233481215
21,Gadus morhua,1992,0.2255334
21,Gadus morhua,1993,0.222160111
21,Gadus morhua,1994,0.22417208
21,Gadus morhua,1995,0.231218072
21,Gadus morhua,1996,0.242232812
21,Gadus morhua,1997,0.255658154
21,Gadus morhua,1998,0.270408068
21,Gadus morhua,1999,0.285972993
21,Gadus morhua,2000,0.302288782
21,Gadus morhua,2001,0.319425459
21,Gadus morhua,2002,0.337532236
21,Gadus morhua,2003,0.3567302
21,Gadus morhua,2004,0.377125627
21,Gadus morhua,2005,0.398674788
21,Gadus morhua,2006,0.421341447
21,Gadus morhua,2007,0.445080359
21,Gadus morhua,2008,0.469831943
21,Gadus morhua,2009,0.495583161
21,Gadus morhua,2010,0.522311325
21,Gadus morhua,2011,0.549995498
21,Gadus morhua,2015,0.18
21,Glyptocephalus cynoglossus,1954,1.392707845
21,Glyptocephalus cynoglossus,1955,1.407515769
21,Glyptocephalus cynoglossus,1956,1.420138663
21,Glyptocephalus cynoglossus,1957,1.430810675
21,Glyptocephalus cynoglossus,1958,1.446926636
21,Glyptocephalus cynoglossus,1959,1.465382892
21,Glyptocephalus cynoglossus,1960,1.477638543
21,Glyptocephalus cynoglossus,1961,1.485641541
21,Glyptocephalus cynoglossus,1962,1.489326611
21,Glyptocephalus cynoglossus,1963,1.481279212
21,Glyptocephalus cynoglossus,1964,1.46634848
21,Glyptocephalus cynoglossus,1965,1.448294329
21,Glyptocephalus cynoglossus,1966,1.422228063
21,Glyptocephalus cynoglossus,1967,1.387722342
21,Glyptocephalus cynoglossus,1968,1.336565137
21,Glyptocephalus cynoglossus,1969,1.273596862
21,Glyptocephalus cynoglossus,1970,1.204806228
21,Glyptocephalus cynoglossus,1971,1.125430982
21,Glyptocephalus cynoglossus,1972,1.041441851
21,Glyptocephalus cynoglossus,1973,0.957740545
21,Glyptocephalus cynoglossus,1974,0.875934076
21,Glyptocephalus cynoglossus,1975,0.796608034
21,Glyptocephalus cynoglossus,1976,0.728415714
21,Glyptocephalus cynoglossus,1977,0.668659687
21,Glyptocephalus cynoglossus,1978,0.623088248
21,Glyptocephalus cynoglossus,1979,0.586576462
21,Glyptocephalus cynoglossus,1980,0.558225864
21,Glyptocephalus cynoglossus,1981,0.538521614
21,Glyptocephalus cynoglossus,1982,0.524075047
21,Glyptocephalus cynoglossus,1983,0.512123361
21,Glyptocephalus cynoglossus,1984,0.499863681
21,Glyptocephalus cynoglossus,1985,0.483894711
21,Glyptocephalus cynoglossus,1986,0.462717291
21,Glyptocephalus cynoglossus,1987,0.436772939
21,Glyptocephalus cynoglossus,1988,0.407954767
21,Glyptocephalus cynoglossus,1989,0.379007404
21,Glyptocephalus cynoglossus,1990,0.352647258
21,Glyptocephalus cynoglossus,1991,0.329515152
21,Glyptocephalus cynoglossus,1992,0.309410697
21,Glyptocephalus cynoglossus,1993,0.29250734
21,Glyptocephalus cynoglossus,1994,0.279765608
21,Glyptocephalus cynoglossus,1995,0.271033406
21,Glyptocephalus cynoglossus,1996,0.26631392
21,Glyptocephalus cynoglossus,1997,0.265960331
21,Glyptocephalus cynoglossus,1998,0.268216315
21,Glyptocephalus cynoglossus,1999,0.270609248
21,Glyptocephalus cynoglossus,2000,0.272539522
21,Glyptocephalus cynoglossus,2001,0.273896072
21,Glyptocephalus cynoglossus,2002,0.274564862
21,Glyptocephalus cynoglossus,2003,0.274832528
21,Glyptocephalus cynoglossus,2004,0.275170906
21,Glyptocephalus cynoglossus,2005,0.276356509
21,Glyptocephalus cynoglossus,2006,0.27962064
21,Glyptocephalus cynoglossus,2007,0.285421775
21,Glyptocephalus cynoglossus,2008,0.293951919
21,Glyptocephalus cynoglossus,2009,0.305055171
21,Glyptocephalus cynoglossus,2010,0.318580936
21,Glyptocephalus cynoglossus,2011,0.334102975
21,Glyptocephalus cynoglossus,2015,0.59
21,Hippoglossoides platessoides,1954,1.396084763
21,Hippoglossoides platessoides,1955,1.40518885
21,Hippoglossoides platessoides,1956,1.412098224
21,Hippoglossoides platessoides,1957,1.418110661
21,Hippoglossoides platessoides,1958,1.420432936
21,Hippoglossoides platessoides,1959,1.42022895
21,Hippoglossoides platessoides,1960,1.416706991
21,Hippoglossoides platessoides,1961,1.411401215
21,Hippoglossoides platessoides,1962,1.406896264
21,Hippoglossoides platessoides,1963,1.403974889
21,Hippoglossoides platessoides,1964,1.398421542
21,Hippoglossoides platessoides,1965,1.385680937
21,Hippoglossoides platessoides,1966,1.362452521
21,Hippoglossoides platessoides,1967,1.323312988
21,Hippoglossoides platessoides,1968,1.271131888
21,Hippoglossoides platessoides,1969,1.210487839
21,Hippoglossoides platessoides,1970,1.146445538
21,Hippoglossoides platessoides,1971,1.082563019
21,Hippoglossoides platessoides,1972,1.024182067
21,Hippoglossoides platessoides,1973,0.971055586
21,Hippoglossoides platessoides,1974,0.922541024
21,Hippoglossoides platessoides,1975,0.879438969
21,Hippoglossoides platessoides,1976,0.838519304
21,Hippoglossoides platessoides,1977,0.798408107
21,Hippoglossoides platessoides,1978,0.758381818
21,Hippoglossoides platessoides,1979,0.717815578
21,Hippoglossoides platessoides,1980,0.675022563
21,Hippoglossoides platessoides,1981,0.63201595
21,Hippoglossoides platessoides,1982,0.588980823
21,Hippoglossoides platessoides,1983,0.548471151
21,Hippoglossoides platessoides,1984,0.510348458
21,Hippoglossoides platessoides,1985,0.473291473
21,Hippoglossoides platessoides,1986,0.435662083
21,Hippoglossoides platessoides,1987,0.396616953
21,Hippoglossoides platessoides,1988,0.35714108
21,Hippoglossoides platessoides,1989,0.316329396
21,Hippoglossoides platessoides,1990,0.279205646
21,Hippoglossoides platessoides,1991,0.246818528
21,Hippoglossoides platessoides,1992,0.221648662
21,Hippoglossoides platessoides,1993,0.202320745
21,Hippoglossoides platessoides,1994,0.191193786
21,Hippoglossoides platessoides,1995,0.184907928
21,Hippoglossoides platessoides,1996,0.184404151
21,Hippoglossoides platessoides,1997,0.187209376
21,Hippoglossoides platessoides,1998,0.19181026
21,Hippoglossoides platessoides,1999,0.196730579
21,Hippoglossoides platessoides,2000,0.201769898
21,Hippoglossoides platessoides,2001,0.206763367
21,Hippoglossoides platessoides,2002,0.212239203
21,Hippoglossoides platessoides,2003,0.218358677
21,Hippoglossoides platessoides,2004,0.225711484
21,Hippoglossoides platessoides,2005,0.234576537
21,Hippoglossoides platessoides,2006,0.24533567
21,Hippoglossoides platessoides,2007,0.257685596
21,Hippoglossoides platessoides,2008,0.27153247
21,Hippoglossoides platessoides,2009,0.2865945
21,Hippoglossoides platessoides,2010,0.302832062
21,Hippoglossoides platessoides,2011,0.320163474
21,Hippoglossoides platessoides,2015,0.22
21,Hippoglossus hippoglossus,1954,0.910492293
21,Hippoglossus hippoglossus,1955,0.898816003
21,Hippoglossus hippoglossus,1956,0.889605166
21,Hippoglossus hippoglossus,1957,0.878456225
21,Hippoglossus hippoglossus,1958,0.854108622
21,Hippoglossus hippoglossus,1959,0.823703708
21,Hippoglossus hippoglossus,1960,0.787509644
21,Hippoglossus hippoglossus,1961,0.747786055
21,Hippoglossus hippoglossus,1962,0.706721664
21,Hippoglossus hippoglossus,1963,0.675341865
21,Hippoglossus hippoglossus,1964,0.646103159
21,Hippoglossus hippoglossus,1965,0.622274416
21,Hippoglossus hippoglossus,1966,0.603187278
21,Hippoglossus hippoglossus,1967,0.586613979
21,Hippoglossus hippoglossus,1968,0.571821365
21,Hippoglossus hippoglossus,1969,0.560550703
21,Hippoglossus hippoglossus,1970,0.552185668
21,Hippoglossus hippoglossus,1971,0.544935288
21,Hippoglossus hippoglossus,1972,0.540750225
21,Hippoglossus hippoglossus,1973,0.538510424
21,Hippoglossus hippoglossus,1974,0.537308273
21,Hippoglossus hippoglossus,1975,0.536801579
21,Hippoglossus hippoglossus,1976,0.537279673
21,Hippoglossus hippoglossus,1977,0.537564857
21,Hippoglossus hippoglossus,1978,0.537320211
21,Hippoglossus hippoglossus,1979,0.535234667
21,Hippoglossus hippoglossus,1980,0.531917936
21,Hippoglossus hippoglossus,1981,0.527413677
21,Hippoglossus hippoglossus,1982,0.520155869
21,Hippoglossus hippoglossus,1983,0.510386138
21,Hippoglossus hippoglossus,1984,0.498874912
21,Hippoglossus hippoglossus,1985,0.483235175
21,Hippoglossus hippoglossus,1986,0.464240427
21,Hippoglossus hippoglossus,1987,0.444963492
21,Hippoglossus hippoglossus,1988,0.425742889
21,Hippoglossus hippoglossus,1989,0.408060519
21,Hippoglossus hippoglossus,1990,0.392243583
21,Hippoglossus hippoglossus,1991,0.377244149
21,Hippoglossus hippoglossus,1992,0.365236792
21,Hippoglossus hippoglossus,1993,0.355109346
21,Hippoglossus hippoglossus,1994,0.347429386
21,Hippoglossus hippoglossus,1995,0.344443205
21,Hippoglossus hippoglossus,1996,0.346056858
21,Hippoglossus hippoglossus,1997,0.348365988
21,Hippoglossus hippoglossus,1998,0.352402155
21,Hippoglossus hippoglossus,1999,0.356704761
21,Hippoglossus hippoglossus,2000,0.36054801
21,Hippoglossus hippoglossus,2001,0.363296331
21,Hippoglossus hippoglossus,2002,0.365420253
21,Hippoglossus hippoglossus,2003,0.366027032
21,Hippoglossus hippoglossus,2004,0.365625216
21,Hippoglossus hippoglossus,2005,0.364403105
21,Hippoglossus hippoglossus,2006,0.363273062
21,Hippoglossus hippoglossus,2007,0.360143033
21,Hippoglossus hippoglossus,2008,0.355664244
21,Hippoglossus hippoglossus,2009,0.349319536
21,Hippoglossus hippoglossus,2010,0.341880491
21,Hippoglossus hippoglossus,2011,0.334579645
21,Homarus americanus,1954,0.705729267
21,Homarus americanus,1955,0.792904456
21,Homarus americanus,1956,0.873056192
21,Homarus americanus,1957,0.939226563
21,Homarus americanus,1958,0.997041369
21,Homarus americanus,1959,1.044440935
21,Homarus americanus,1960,1.083123443
21,Homarus americanus,1961,1.118584598
21,Homarus americanus,1962,1.14980152
21,Homarus americanus,1963,1.171100568
21,Homarus americanus,1964,1.192834518
21,Homarus americanus,1965,1.213791639
21,Homarus americanus,1966,1.234100503
21,Homarus americanus,1967,1.254703421
21,Homarus americanus,1968,1.2729355
21,Homarus americanus,1969,1.289754543
21,Homarus americanus,1970,1.305178467
21,Homarus americanus,1971,1.318749016
21,Homarus americanus,1972,1.33344869
21,Homarus americanus,1973,1.348961956
21,Homarus americanus,1974,1.364748887
21,Homarus americanus,1975,1.378815108
21,Homarus americanus,1976,1.393043166
21,Homarus americanus,1977,1.403608167
21,Homarus americanus,1978,1.411410186
21,Homarus americanus,1979,1.414800182
21,Homarus americanus,1980,1.419923485
21,Homarus americanus,1981,1.421753743
21,Homarus americanus,1982,1.421535078
21,Homarus americanus,1983,1.421246995
21,Homarus americanus,1984,1.418671719
21,Homarus americanus,1985,1.411649616
21,Homarus americanus,1986,1.402269202
21,Homarus americanus,1987,1.390256625
21,Homarus americanus,1988,1.374814866
21,Homarus americanus,1989,1.357795793
21,Homarus americanus,1990,1.336962312
21,Homarus americanus,1991,1.314276433
21,Homarus americanus,1992,1.295727843
21,Homarus americanus,1993,1.279830069
21,Homarus americanus,1994,1.264340929
21,Homarus americanus,1995,1.253227852
21,Homarus americanus,1996,1.244845907
21,Homarus americanus,1997,1.233605514
21,Homarus americanus,1998,1.218846523
21,Homarus americanus,1999,1.201746768
21,Homarus americanus,2000,1.183002306
21,Homarus americanus,2001,1.161459815
21,Homarus americanus,2002,1.139021423
21,Homarus americanus,2003,1.11790776
21,Homarus americanus,2004,1.098243245
21,Homarus americanus,2005,1.092413994
21,Homarus americanus,2006,1.077652848
21,Homarus americanus,2007,1.065304966
21,Homarus americanus,2008,1.047404587
21,Homarus americanus,2009,1.026038101
21,Homarus americanus,2010,0.980683035
21,Homarus americanus,2011,0.949777571
21,Homarus americanus,2015,2.4
21,Lamna nasus,1964,1.422185883
21,Lamna nasus,1965,1.256754015
21,Lamna nasus,1966,1.042144896
21,Lamna nasus,1967,0.825579209
21,Lamna nasus,1968,0.62480281
21,Lamna nasus,1969,0.467417645
21,Lamna nasus,1970,0.388571414
21,Lamna nasus,1971,0.352610375
21,Lamna nasus,1972,0.332210658
21,Lamna nasus,1973,0.320494073
21,Lamna nasus,1975,0.317720922
21,Lamna nasus,1976,0.32032821
21,Lamna nasus,1977,0.327295231
21,Lamna nasus,1978,0.337924433
21,Lamna nasus,1979,0.35082664
21,Lamna nasus,1980,0.364632455
21,Lamna nasus,1981,0.378845264
21,Lamna nasus,1982,0.391516411
21,Lamna nasus,1983,0.402452854
21,Lamna nasus,1984,0.413402744
21,Lamna nasus,1985,0.423414392
21,Lamna nasus,1986,0.434511932
21,Lamna nasus,1987,0.448220893
21,Lamna nasus,1988,0.463615142
21,Lamna nasus,1989,0.479496184
21,Lamna nasus,1990,0.496501822
21,Lamna nasus,1991,0.517200167
21,Lamna nasus,1992,0.531665396
21,Lamna nasus,1993,0.539555595
21,Lamna nasus,1994,0.534732297
21,Lamna nasus,1995,0.519004709
21,Lamna nasus,1996,0.492410796
21,Lamna nasus,1997,0.460355783
21,Lamna nasus,1998,0.426183488
21,Lamna nasus,1999,0.396618382
21,Lamna nasus,2000,0.370151687
21,Lamna nasus,2001,0.348543512
21,Lamna nasus,2002,0.336436401
21,Lamna nasus,2003,0.332693591
21,Lamna nasus,2004,0.336436732
21,Lamna nasus,2005,0.346880178
21,Lamna nasus,2006,0.360928972
21,Lamna nasus,2007,0.377507446
21,Lamna nasus,2008,0.395903691
21,Lamna nasus,2009,0.416991217
21,Lamna nasus,2010,0.441516655
21,Lamna nasus,2011,0.468782513
21,Lamna nasus,2015,0.41
21,Limanda ferruginea,1954,1.375836517
21,Limanda ferruginea,1955,1.393372667
21,Limanda ferruginea,1956,1.411816301
21,Limanda ferruginea,1957,1.430234004
21,Limanda ferruginea,1958,1.447948113
21,Limanda ferruginea,1959,1.462876421
21,Limanda ferruginea,1960,1.474269865
21,Limanda ferruginea,1961,1.480610482
21,Limanda ferruginea,1962,1.479105677
21,Limanda ferruginea,1963,1.466567343
21,Limanda ferruginea,1964,1.44448068
21,Limanda ferruginea,1965,1.411857169
21,Limanda ferruginea,1966,1.372665306
21,Limanda ferruginea,1967,1.329366147
21,Limanda ferruginea,1968,1.279761367
21,Limanda ferruginea,1969,1.221341626
21,Limanda ferruginea,1970,1.158385408
21,Limanda ferruginea,1971,1.088477549
21,Limanda ferruginea,1972,1.009098603
21,Limanda ferruginea,1973,0.930242748
21,Limanda ferruginea,1974,0.859288363
21,Limanda ferruginea,1975,0.795614492
21,Limanda ferruginea,1976,0.744309149
21,Limanda ferruginea,1977,0.707790942
21,Limanda ferruginea,1978,0.681811668
21,Limanda ferruginea,1979,0.659568631
21,Limanda ferruginea,1980,0.639710557
21,Limanda ferruginea,1981,0.617749898
21,Limanda ferruginea,1982,0.591412021
21,Limanda ferruginea,1983,0.559781118
21,Limanda ferruginea,1984,0.52845588
21,Limanda ferruginea,1985,0.497528558
21,Limanda ferruginea,1986,0.46633483
21,Limanda ferruginea,1987,0.439465942
21,Limanda ferruginea,1988,0.419023785
21,Limanda ferruginea,1989,0.402914264
21,Limanda ferruginea,1990,0.387236641
21,Limanda ferruginea,1991,0.373606893
21,Limanda ferruginea,1992,0.361077911
21,Limanda ferruginea,1993,0.350413522
21,Limanda ferruginea,1994,0.342434962
21,Limanda ferruginea,1995,0.341359547
21,Limanda ferruginea,1996,0.346031129
21,Limanda ferruginea,1997,0.355376748
21,Limanda ferruginea,1998,0.366440186
21,Limanda ferruginea,1999,0.375781782
21,Limanda ferruginea,2000,0.380197066
21,Limanda ferruginea,2001,0.378437227
21,Limanda ferruginea,2002,0.372383642
21,Limanda ferruginea,2003,0.362366177
21,Limanda ferruginea,2004,0.349806262
21,Limanda ferruginea,2005,0.337696924
21,Limanda ferruginea,2006,0.331896284
21,Limanda ferruginea,2007,0.329800414
21,Limanda ferruginea,2008,0.330599703
21,Limanda ferruginea,2009,0.336126268
21,Limanda ferruginea,2010,0.34545421
21,Limanda ferruginea,2011,0.355463966
21,Limanda ferruginea,2015,0.28
21,Lophius americanus,1954,1.229044778
21,Lophius americanus,1955,1.290935588
21,Lophius americanus,1956,1.3487211
21,Lophius americanus,1957,1.401874108
21,Lophius americanus,1958,1.457515786
21,Lophius americanus,1959,1.50813891
21,Lophius americanus,1960,1.554055293
21,Lophius americanus,1961,1.595705731
21,Lophius americanus,1962,1.633501178
21,Lophius americanus,1963,1.660639534
21,Lophius americanus,1964,1.685232588
21,Lophius americanus,1965,1.707462524
21,Lophius americanus,1966,1.724628383
21,Lophius americanus,1967,1.740366742
21,Lophius americanus,1968,1.750178466
21,Lophius americanus,1969,1.753385946
21,Lophius americanus,1970,1.754133978
21,Lophius americanus,1971,1.741910583
21,Lophius americanus,1972,1.725259079
21,Lophius americanus,1973,1.699069895
21,Lophius americanus,1974,1.67032536
21,Lophius americanus,1975,1.627269205
21,Lophius americanus,1976,1.601527241
21,Lophius americanus,1977,1.579023744
21,Lophius americanus,1978,1.573199695
21,Lophius americanus,1979,1.576911666
21,Lophius americanus,1980,1.597071362
21,Lophius americanus,1981,1.615859202
21,Lophius americanus,1982,1.634865713
21,Lophius americanus,1983,1.650526444
21,Lophius americanus,1984,1.663468667
21,Lophius americanus,1985,1.673187426
21,Lophius americanus,1986,1.678911164
21,Lophius americanus,1987,1.676258867
21,Lophius americanus,1988,1.667641637
21,Lophius americanus,1989,1.650712956
21,Lophius americanus,1990,1.628526165
21,Lophius americanus,1991,1.600697681
21,Lophius americanus,1992,1.569562911
21,Lophius americanus,1993,1.524948569
21,Lophius americanus,1994,1.473018971
21,Lophius americanus,1995,1.410013514
21,Lophius americanus,1996,1.337816798
21,Lophius americanus,1997,1.258223574
21,Lophius americanus,1998,1.181853666
21,Lophius americanus,1999,1.107333391
21,Lophius americanus,2000,1.041106586
21,Lophius americanus,2001,0.979054473
21,Lophius americanus,2002,0.921196198
21,Lophius americanus,2003,0.860740907
21,Lophius americanus,2004,0.802642602
21,Lophius americanus,2005,0.744325058
21,Lophius americanus,2006,0.694163411
21,Lophius americanus,2007,0.657217221
21,Lophius americanus,2008,0.640008875
21,Lophius americanus,2009,0.639973365
21,Lophius americanus,2010,0.660352747
21,Lophius americanus,2011,0.71045651
21,Lophius americanus,2015,0.31
21,Melanogrammus aeglefinus,1954,0.985781038
21,Melanogrammus aeglefinus,1955,0.963132884
21,Melanogrammus aeglefinus,1956,0.933504978
21,Melanogrammus aeglefinus,1957,0.896930389
21,Melanogrammus aeglefinus,1958,0.852238667
21,Melanogrammus aeglefinus,1959,0.806651761
21,Melanogrammus aeglefinus,1960,0.758853125
21,Melanogrammus aeglefinus,1961,0.711800534
21,Melanogrammus aeglefinus,1962,0.668098821
21,Melanogrammus aeglefinus,1963,0.632559626
21,Melanogrammus aeglefinus,1964,0.595377504
21,Melanogrammus aeglefinus,1965,0.552240512
21,Melanogrammus aeglefinus,1966,0.506232899
21,Melanogrammus aeglefinus,1967,0.460638553
21,Melanogrammus aeglefinus,1968,0.415963229
21,Melanogrammus aeglefinus,1969,0.375335592
21,Melanogrammus aeglefinus,1970,0.348878504
21,Melanogrammus aeglefinus,1971,0.333413326
21,Melanogrammus aeglefinus,1972,0.324210725
21,Melanogrammus aeglefinus,1973,0.320155088
21,Melanogrammus aeglefinus,1974,0.319751014
21,Melanogrammus aeglefinus,1975,0.320881529
21,Melanogrammus aeglefinus,1976,0.32388891
21,Melanogrammus aeglefinus,1977,0.326245011
21,Melanogrammus aeglefinus,1978,0.326047138
21,Melanogrammus aeglefinus,1979,0.323524129
21,Melanogrammus aeglefinus,1980,0.317018809
21,Melanogrammus aeglefinus,1981,0.305925419
21,Melanogrammus aeglefinus,1982,0.292460947
21,Melanogrammus aeglefinus,1983,0.278983217
21,Melanogrammus aeglefinus,1984,0.265510364
21,Melanogrammus aeglefinus,1985,0.253849007
21,Melanogrammus aeglefinus,1986,0.244026178
21,Melanogrammus aeglefinus,1987,0.23629138
21,Melanogrammus aeglefinus,1988,0.22981579
21,Melanogrammus aeglefinus,1989,0.224470634
21,Melanogrammus aeglefinus,1990,0.220835584
21,Melanogrammus aeglefinus,1991,0.219343586
21,Melanogrammus aeglefinus,1992,0.218569093
21,Melanogrammus aeglefinus,1993,0.219466453
21,Melanogrammus aeglefinus,1994,0.222199024
21,Melanogrammus aeglefinus,1995,0.226392389
21,Melanogrammus aeglefinus,1996,0.231828824
21,Melanogrammus aeglefinus,1997,0.238546795
21,Melanogrammus aeglefinus,1998,0.245540134
21,Melanogrammus aeglefinus,1999,0.252400496
21,Melanogrammus aeglefinus,2000,0.258978009
21,Melanogrammus aeglefinus,2001,0.265090661
21,Melanogrammus aeglefinus,2002,0.270672547
21,Melanogrammus aeglefinus,2003,0.275952397
21,Melanogrammus aeglefinus,2004,0.280730284
21,Melanogrammus aeglefinus,2005,0.285019717
21,Melanogrammus aeglefinus,2006,0.289751942
21,Melanogrammus aeglefinus,2007,0.294887757
21,Melanogrammus aeglefinus,2008,0.300254368
21,Melanogrammus aeglefinus,2009,0.306013395
21,Melanogrammus aeglefinus,2010,0.312552107
21,Melanogrammus aeglefinus,2011,0.32021114
21,Melanogrammus aeglefinus,2015,0.64
21,Placopecten magellanicus,1954,0.686552415
21,Placopecten magellanicus,1955,0.763275308
21,Placopecten magellanicus,1956,0.835190397
21,Placopecten magellanicus,1957,0.898956631
21,Placopecten magellanicus,1958,0.958484272
21,Placopecten magellanicus,1959,1.008716548
21,Placopecten magellanicus,1960,1.047962838
21,Placopecten magellanicus,1961,1.079239119
21,Placopecten magellanicus,1962,1.102301711
21,Placopecten magellanicus,1963,1.114714973
21,Placopecten magellanicus,1964,1.12790713
21,Placopecten magellanicus,1965,1.14554959
21,Placopecten magellanicus,1966,1.161821852
21,Placopecten magellanicus,1967,1.183995413
21,Placopecten magellanicus,1968,1.20456388
21,Placopecten magellanicus,1969,1.224329125
21,Placopecten magellanicus,1970,1.243951394
21,Placopecten magellanicus,1971,1.26989645
21,Placopecten magellanicus,1972,1.291944295
21,Placopecten magellanicus,1973,1.317671794
21,Placopecten magellanicus,1974,1.342323267
21,Placopecten magellanicus,1975,1.359537537
21,Placopecten magellanicus,1976,1.364057065
21,Placopecten magellanicus,1977,1.356982258
21,Placopecten magellanicus,1978,1.337976762
21,Placopecten magellanicus,1979,1.31510306
21,Placopecten magellanicus,1980,1.294292946
21,Placopecten magellanicus,1981,1.279117296
21,Placopecten magellanicus,1982,1.276347221
21,Placopecten magellanicus,1983,1.285084978
21,Placopecten magellanicus,1984,1.301899075
21,Placopecten magellanicus,1985,1.319727431
21,Placopecten magellanicus,1986,1.339788473
21,Placopecten magellanicus,1987,1.347855618
21,Placopecten magellanicus,1988,1.34888964
21,Placopecten magellanicus,1989,1.337993858
21,Placopecten magellanicus,1990,1.318895803
21,Placopecten magellanicus,1991,1.295885447
21,Placopecten magellanicus,1992,1.277877267
21,Placopecten magellanicus,1993,1.268404907
21,Placopecten magellanicus,1994,1.268073064
21,Placopecten magellanicus,1995,1.276349601
21,Placopecten magellanicus,1996,1.291616522
21,Placopecten magellanicus,1997,1.314396857
21,Placopecten magellanicus,1998,1.334939919
21,Placopecten magellanicus,1999,1.350708494
21,Placopecten magellanicus,2000,1.354975092
21,Placopecten magellanicus,2001,1.343478099
21,Placopecten magellanicus,2002,1.315121453
21,Placopecten magellanicus,2003,1.272903775
21,Placopecten magellanicus,2004,1.220778584
21,Placopecten magellanicus,2005,1.174222191
21,Placopecten magellanicus,2006,1.134880383
21,Placopecten magellanicus,2007,1.10133061
21,Placopecten magellanicus,2008,1.074736649
21,Placopecten magellanicus,2009,1.054648328
21,Placopecten magellanicus,2010,1.032937407
21,Placopecten magellanicus,2011,1.01101104
21,Placopecten magellanicus,2015,1.24928
21,Pollachius virens,1954,0.943038698
21,Pollachius virens,1955,0.941641737
21,Pollachius virens,1956,0.930144494
21,Pollachius virens,1957,0.906082503
21,Pollachius virens,1958,0.871117386
21,Pollachius virens,1959,0.833781036
21,Pollachius virens,1960,0.800605657
21,Pollachius virens,1961,0.774434539
21,Pollachius virens,1962,0.75614207
21,Pollachius virens,1963,0.746260464
21,Pollachius virens,1964,0.735396059
21,Pollachius virens,1965,0.725898297
21,Pollachius virens,1966,0.717186897
21,Pollachius virens,1967,0.711892872
21,Pollachius virens,1968,0.709242231
21,Pollachius virens,1969,0.709948653
21,Pollachius virens,1970,0.713212283
21,Pollachius virens,1971,0.718015756
21,Pollachius virens,1972,0.721208669
21,Pollachius virens,1973,0.720861513
21,Pollachius virens,1974,0.718147331
21,Pollachius virens,1975,0.712751903
21,Pollachius virens,1976,0.705246864
21,Pollachius virens,1977,0.696646128
21,Pollachius virens,1978,0.687537754
21,Pollachius virens,1979,0.676605946
21,Pollachius virens,1980,0.6624405
21,Pollachius virens,1981,0.644444616
21,Pollachius virens,1982,0.62353225
21,Pollachius virens,1983,0.601792307
21,Pollachius virens,1984,0.578566681
21,Pollachius virens,1985,0.553096789
21,Pollachius virens,1986,0.525001965
21,Pollachius virens,1987,0.492553124
21,Pollachius virens,1988,0.456423809
21,Pollachius virens,1989,0.418433765
21,Pollachius virens,1990,0.381993019
21,Pollachius virens,1991,0.347946325
21,Pollachius virens,1992,0.318435339
21,Pollachius virens,1993,0.294295138
21,Pollachius virens,1994,0.276068532
21,Pollachius virens,1995,0.263702572
21,Pollachius virens,1996,0.257592495
21,Pollachius virens,1997,0.255679329
21,Pollachius virens,1998,0.254856898
21,Pollachius virens,1999,0.25522275
21,Pollachius virens,2000,0.256235105
21,Pollachius virens,2001,0.257629458
21,Pollachius virens,2002,0.260210579
21,Pollachius virens,2003,0.26431568
21,Pollachius virens,2004,0.26859994
21,Pollachius virens,2005,0.272553625
21,Pollachius virens,2006,0.27697212
21,Pollachius virens,2007,0.281181758
21,Pollachius virens,2008,0.28567199
21,Pollachius virens,2009,0.291124467
21,Pollachius virens,2010,0.298204343
21,Pollachius virens,2011,0.306480209
21,Pollachius virens,2015,0.29
21,Pseudopleuronectes americanus,1954,0.836658326
21,Pseudopleuronectes americanus,1955,0.838942983
21,Pseudopleuronectes americanus,1956,0.845386147
21,Pseudopleuronectes americanus,1957,0.853434766
21,Pseudopleuronectes americanus,1958,0.86417846
21,Pseudopleuronectes americanus,1959,0.874658379
21,Pseudopleuronectes americanus,1960,0.883661433
21,Pseudopleuronectes americanus,1961,0.88776585
21,Pseudopleuronectes americanus,1962,0.888639042
21,Pseudopleuronectes americanus,1963,0.886336075
21,Pseudopleuronectes americanus,1964,0.878171724
21,Pseudopleuronectes americanus,1965,0.865818081
21,Pseudopleuronectes americanus,1966,0.849807106
21,Pseudopleuronectes americanus,1967,0.831592607
21,Pseudopleuronectes americanus,1968,0.812148253
21,Pseudopleuronectes americanus,1969,0.789902996
21,Pseudopleuronectes americanus,1970,0.767040239
21,Pseudopleuronectes americanus,1971,0.744802498
21,Pseudopleuronectes americanus,1972,0.724500207
21,Pseudopleuronectes americanus,1973,0.702734214
21,Pseudopleuronectes americanus,1974,0.686848409
21,Pseudopleuronectes americanus,1975,0.674014619
21,Pseudopleuronectes americanus,1976,0.666731393
21,Pseudopleuronectes americanus,1977,0.659832694
21,Pseudopleuronectes americanus,1978,0.652604255
21,Pseudopleuronectes americanus,1979,0.643636623
21,Pseudopleuronectes americanus,1980,0.629310892
21,Pseudopleuronectes americanus,1981,0.608020457
21,Pseudopleuronectes americanus,1982,0.582720526
21,Pseudopleuronectes americanus,1983,0.555044504
21,Pseudopleuronectes americanus,1984,0.526112082
21,Pseudopleuronectes americanus,1985,0.50061705
21,Pseudopleuronectes americanus,1986,0.479246
21,Pseudopleuronectes americanus,1987,0.460227404
21,Pseudopleuronectes americanus,1988,0.443977379
21,Pseudopleuronectes americanus,1989,0.430002755
21,Pseudopleuronectes americanus,1990,0.416821435
21,Pseudopleuronectes americanus,1991,0.403940598
21,Pseudopleuronectes americanus,1992,0.392904232
21,Pseudopleuronectes americanus,1993,0.384212975
21,Pseudopleuronectes americanus,1994,0.377641976
21,Pseudopleuronectes americanus,1995,0.373960471
21,Pseudopleuronectes americanus,1996,0.37325612
21,Pseudopleuronectes americanus,1997,0.374071581
21,Pseudopleuronectes americanus,1998,0.375972229
21,Pseudopleuronectes americanus,1999,0.37863453
21,Pseudopleuronectes americanus,2000,0.380806519
21,Pseudopleuronectes americanus,2001,0.38203445
21,Pseudopleuronectes americanus,2002,0.383775709
21,Pseudopleuronectes americanus,2003,0.385363192
21,Pseudopleuronectes americanus,2004,0.38722953
21,Pseudopleuronectes americanus,2005,0.391368444
21,Pseudopleuronectes americanus,2006,0.399287177
21,Pseudopleuronectes americanus,2007,0.410176804
21,Pseudopleuronectes americanus,2008,0.424531673
21,Pseudopleuronectes americanus,2009,0.442059273
21,Pseudopleuronectes americanus,2010,0.462284687
21,Pseudopleuronectes americanus,2011,0.485262484
21,Pseudopleuronectes americanus,2015,1.44
21,Scomber scombrus,1954,1.415356486
21,Scomber scombrus,1955,1.42972461
21,Scomber scombrus,1956,1.444727509
21,Scomber scombrus,1957,1.460182901
21,Scomber scombrus,1958,1.479638254
21,Scomber scombrus,1959,1.499404348
21,Scomber scombrus,1960,1.519260079
21,Scomber scombrus,1961,1.539129664
21,Scomber scombrus,1962,1.558645312
21,Scomber scombrus,1963,1.574202765
21,Scomber scombrus,1964,1.588368377
21,Scomber scombrus,1965,1.600996368
21,Scomber scombrus,1966,1.611536125
21,Scomber scombrus,1967,1.618862199
21,Scomber scombrus,1968,1.618150978
21,Scomber scombrus,1969,1.604729385
21,Scomber scombrus,1970,1.568806492
21,Scomber scombrus,1971,1.496500471
21,Scomber scombrus,1972,1.386078668
21,Scomber scombrus,1973,1.241854735
21,Scomber scombrus,1974,1.077586584
21,Scomber scombrus,1975,0.908645317
21,Scomber scombrus,1976,0.753993118
21,Scomber scombrus,1977,0.633645127
21,Scomber scombrus,1978,0.553326977
21,Scomber scombrus,1979,0.504075818
21,Scomber scombrus,1980,0.481526903
21,Scomber scombrus,1981,0.481169832
21,Scomber scombrus,1982,0.486253708
21,Scomber scombrus,1983,0.491465527
21,Scomber scombrus,1984,0.496445643
21,Scomber scombrus,1985,0.498533811
21,Scomber scombrus,1986,0.496707493
21,Scomber scombrus,1987,0.489712893
21,Scomber scombrus,1988,0.476235646
21,Scomber scombrus,1989,0.458608981
21,Scomber scombrus,1990,0.43951269
21,Scomber scombrus,1991,0.421639215
21,Scomber scombrus,1992,0.407110858
21,Scomber scombrus,1993,0.398253654
21,Scomber scombrus,1994,0.393788634
21,Scomber scombrus,1995,0.393277832
21,Scomber scombrus,1996,0.394205882
21,Scomber scombrus,1997,0.395459538
21,Scomber scombrus,1998,0.396626686
21,Scomber scombrus,1999,0.397970542
21,Scomber scombrus,2000,0.399847063
21,Scomber scombrus,2001,0.401883544
21,Scomber scombrus,2002,0.401494246
21,Scomber scombrus,2003,0.396424869
21,Scomber scombrus,2004,0.382752984
21,Scomber scombrus,2005,0.360563908
21,Scomber scombrus,2006,0.329533837
21,Scomber scombrus,2007,0.295304394
21,Scomber scombrus,2008,0.262555587
21,Scomber scombrus,2009,0.233156149
21,Scomber scombrus,2010,0.20821506
21,Scomber scombrus,2011,0.193179099
21,Scomber scombrus,2015,0.24
21,Sebastes fasciatus,2015,0.61
21,Squalus acanthias,1957,1.305396219
21,Squalus acanthias,1958,1.341837699
21,Squalus acanthias,1959,1.377202745
21,Squalus acanthias,1965,1.410861817
21,Squalus acanthias,1966,1.449252192
21,Squalus acanthias,1967,1.486056615
21,Squalus acanthias,1969,1.520461663
21,Squalus acanthias,1970,1.552915976
21,Squalus acanthias,1971,1.582655223
21,Squalus acanthias,1972,1.603666515
21,Squalus acanthias,1973,1.615681156
21,Squalus acanthias,1974,1.620724443
21,Squalus acanthias,1975,1.625341546
21,Squalus acanthias,1976,1.630830912
21,Squalus acanthias,1977,1.636075101
21,Squalus acanthias,1978,1.647602548
21,Squalus acanthias,1979,1.659292092
21,Squalus acanthias,1980,1.663611718
21,Squalus acanthias,1981,1.656388966
21,Squalus acanthias,1982,1.638684594
21,Squalus acanthias,1983,1.614999192
21,Squalus acanthias,1984,1.591155148
21,Squalus acanthias,1985,1.568548615
21,Squalus acanthias,1986,1.554196754
21,Squalus acanthias,1987,1.547307629
21,Squalus acanthias,1988,1.543867621
21,Squalus acanthias,1989,1.539856194
21,Squalus acanthias,1990,1.515541824
21,Squalus acanthias,1991,1.475246169
21,Squalus acanthias,1992,1.419217874
21,Squalus acanthias,1993,1.340782359
21,Squalus acanthias,1994,1.248762289
21,Squalus acanthias,1995,1.157519322
21,Squalus acanthias,1996,1.0572075
21,Squalus acanthias,1997,0.949009324
21,Squalus acanthias,1998,0.835390492
21,Squalus acanthias,1999,0.715885386
21,Squalus acanthias,2000,0.602433551
21,Squalus acanthias,2001,0.507112582
21,Squalus acanthias,2002,0.429887974
21,Squalus acanthias,2003,0.382346154
21,Squalus acanthias,2004,0.360467483
21,Squalus acanthias,2005,0.356119341
21,Squalus acanthias,2006,0.358500719
21,Squalus acanthias,2007,0.362871592
21,Squalus acanthias,2008,0.361035475
21,Squalus acanthias,2009,0.352778169
21,Squalus acanthias,2010,0.338808905
21,Squalus acanthias,2011,0.317962992
21,Squalus acanthias,2015,1.02
21,Thunnus thynnus,1954,0.80840609
21,Thunnus thynnus,1955,0.821936654
21,Thunnus thynnus,1956,0.838530471
21,Thunnus thynnus,1957,0.860339227
21,Thunnus thynnus,1958,0.885019916
21,Thunnus thynnus,1959,0.908387326
21,Thunnus thynnus,1960,0.932879869
21,Thunnus thynnus,1961,0.953855424
21,Thunnus thynnus,1962,0.957215408
21,Thunnus thynnus,1963,0.940523699
21,Thunnus thynnus,1964,0.918662031
21,Thunnus thynnus,1965,0.888949584
21,Thunnus thynnus,1966,0.859365932
21,Thunnus thynnus,1967,0.837833276
21,Thunnus thynnus,1968,0.832608531
21,Thunnus thynnus,1969,0.833567851
21,Thunnus thynnus,1970,0.822876046
21,Thunnus thynnus,1971,0.800293738
21,Thunnus thynnus,1972,0.778341705
21,Thunnus thynnus,1973,0.752171862
21,Thunnus thynnus,1974,0.722032247
21,Thunnus thynnus,1975,0.697801468
21,Thunnus thynnus,1976,0.676627443
21,Thunnus thynnus,1977,0.650707749
21,Thunnus thynnus,1978,0.620409141
21,Thunnus thynnus,1979,0.591551904
21,Thunnus thynnus,1980,0.569173167
21,Thunnus thynnus,1981,0.552061928
21,Thunnus thynnus,1982,0.544303809
21,Thunnus thynnus,1983,0.539766064
21,Thunnus thynnus,1984,0.535429081
21,Thunnus thynnus,1985,0.533489892
21,Thunnus thynnus,1986,0.535157076
21,Thunnus thynnus,1987,0.536311571
21,Thunnus thynnus,1988,0.540385178
21,Thunnus thynnus,1989,0.543084042
21,Thunnus thynnus,1990,0.544911835
21,Thunnus thynnus,1991,0.544324781
21,Thunnus thynnus,1992,0.541592925
21,Thunnus thynnus,1993,0.537096172
21,Thunnus thynnus,1994,0.533884052
21,Thunnus thynnus,1995,0.530745833
21,Thunnus thynnus,1996,0.527018182
21,Thunnus thynnus,1997,0.522014691
21,Thunnus thynnus,1998,0.515570553
21,Thunnus thynnus,1999,0.507862135
21,Thunnus thynnus,2000,0.499104503
21,Thunnus thynnus,2001,0.488932227
21,Thunnus thynnus,2002,0.477431434
21,Thunnus thynnus,2003,0.471647002
21,Thunnus thynnus,2007,0.470080154
21,Thunnus thynnus,2008,0.470929186
21,Thunnus thynnus,2009,0.476405021
21,Thunnus thynnus,2010,0.485990937
21,Thunnus thynnus,2011,0.495266746
21,Thunnus thynnus,2015,0.43478
21,Urophycis tenuis,1954,0.799463811
21,Urophycis tenuis,1955,0.790532661
21,Urophycis tenuis,1956,0.783894577
21,Urophycis tenuis,1957,0.776948025
21,Urophycis tenuis,1958,0.773797282
21,Urophycis tenuis,1959,0.773317656
21,Urophycis tenuis,1960,0.774654997
21,Urophycis tenuis,1961,0.777264032
21,Urophycis tenuis,1962,0.781501134
21,Urophycis tenuis,1963,0.786333554
21,Urophycis tenuis,1964,0.790607072
21,Urophycis tenuis,1965,0.799351295
21,Urophycis tenuis,1966,0.809018556
21,Urophycis tenuis,1967,0.820889999
21,Urophycis tenuis,1968,0.835228935
21,Urophycis tenuis,1969,0.852096301
21,Urophycis tenuis,1970,0.864173231
21,Urophycis tenuis,1971,0.869123569
21,Urophycis tenuis,1972,0.86788874
21,Urophycis tenuis,1973,0.859706073
21,Urophycis tenuis,1974,0.846575187
21,Urophycis tenuis,1975,0.829342604
21,Urophycis tenuis,1976,0.816023545
21,Urophycis tenuis,1977,0.805102959
21,Urophycis tenuis,1978,0.795756376
21,Urophycis tenuis,1979,0.786823191
21,Urophycis tenuis,1980,0.775469945
21,Urophycis tenuis,1981,0.758014108
21,Urophycis tenuis,1982,0.736104585
21,Urophycis tenuis,1983,0.711079516
21,Urophycis tenuis,1984,0.681630476
21,Urophycis tenuis,1985,0.650493885
21,Urophycis tenuis,1986,0.620272436
21,Urophycis tenuis,1987,0.586550523
21,Urophycis tenuis,1988,0.553186755
21,Urophycis tenuis,1989,0.521728056
21,Urophycis tenuis,1990,0.492477612
21,Urophycis tenuis,1991,0.464510254
21,Urophycis tenuis,1992,0.439823801
21,Urophycis tenuis,1993,0.414784602
21,Urophycis tenuis,1994,0.39234042
21,Urophycis tenuis,1995,0.373798904
21,Urophycis tenuis,1996,0.360617267
21,Urophycis tenuis,1997,0.354911
21,Urophycis tenuis,1998,0.355524182
21,Urophycis tenuis,1999,0.359474584
21,Urophycis tenuis,2000,0.365278174
21,Urophycis tenuis,2001,0.371474709
21,Urophycis tenuis,2002,0.376561543
21,Urophycis tenuis,2003,0.379151255
21,Urophycis tenuis,2004,0.38129049
21,Urophycis tenuis,2005,0.384297132
21,Urophycis tenuis,2006,0.389277538
21,Urophycis tenuis,2007,0.397730111
21,Urophycis tenuis,2008,0.41095566
21,Urophycis tenuis,2009,0.427691516
21,Urophycis tenuis,2010,0.44796397
21,Urophycis tenuis,2011,0.471491231
21,Urophycis tenuis,2015,0.49
21,Xiphias gladius,1954,1.321863218
21,Xiphias gladius,1955,1.330086182
21,Xiphias gladius,1956,1.335135829
21,Xiphias gladius,1957,1.336426422
21,Xiphias gladius,1958,1.33005309
21,Xiphias gladius,1959,1.316522306
21,Xiphias gladius,1960,1.303078163
21,Xiphias gladius,1961,1.291666175
21,Xiphias gladius,1962,1.278801869
21,Xiphias gladius,1963,1.245213385
21,Xiphias gladius,1964,1.19399869
21,Xiphias gladius,1965,1.132383745
21,Xiphias gladius,1966,1.060397796
21,Xiphias gladius,1967,0.980461627
21,Xiphias gladius,1968,0.918631384
21,Xiphias gladius,1969,0.872065197
21,Xiphias gladius,1970,0.826623777
21,Xiphias gladius,1971,0.79735525
21,Xiphias gladius,1972,0.785662808
21,Xiphias gladius,1973,0.788876693
21,Xiphias gladius,1974,0.803203465
21,Xiphias gladius,1975,0.827956679
21,Xiphias gladius,1976,0.84800383
21,Xiphias gladius,1977,0.865403639
21,Xiphias gladius,1978,0.864819225
21,Xiphias gladius,1979,0.850845466
21,Xiphias gladius,1980,0.832076036
21,Xiphias gladius,1981,0.811905914
21,Xiphias gladius,1982,0.785839735
21,Xiphias gladius,1983,0.768418589
21,Xiphias gladius,1984,0.759819399
21,Xiphias gladius,1985,0.754950021
21,Xiphias gladius,1986,0.747293294
21,Xiphias gladius,1987,0.738968436
21,Xiphias gladius,1988,0.728063487
21,Xiphias gladius,1989,0.712194523
21,Xiphias gladius,1990,0.692630129
21,Xiphias gladius,1991,0.672071639
21,Xiphias gladius,1992,0.6493181
21,Xiphias gladius,1993,0.625800703
21,Xiphias gladius,1994,0.605150439
21,Xiphias gladius,1995,0.585253674
21,Xiphias gladius,1996,0.569169634
21,Xiphias gladius,1997,0.556576418
21,Xiphias gladius,1998,0.548720738
21,Xiphias gladius,1999,0.543675762
21,Xiphias gladius,2000,0.540934523
21,Xiphias gladius,2001,0.536737942
21,Xiphias gladius,2002,0.533022001
21,Xiphias gladius,2003,0.529417769
21,Xiphias gladius,2004,0.525524163
21,Xiphias gladius,2005,0.517703502
21,Xiphias gladius,2007,0.507918282
21,Xiphias gladius,2008,0.496911366
21,Xiphias gladius,2009,0.486138373
21,Xiphias gladius,2010,0.475967822
21,Xiphias gladius,2011,0.4731044
21,Xiphias gladius,2015,1.14
